sizeOfTest,Ashaped,Vshaped,decreasing,growing,random
1000,0.008,0.0095,0.0077,0.0107,0.0162
2000,0.0179,0.012,0.0070999999999999995,0.006900000000000001,0.0162
4000,0.010100000000000001,0.008799999999999999,0.0107,0.0083,0.012
