sizeOfTest,Ashaped,Vshaped,decreasing,growing,random
1000,0.0107,0.007299999999999999,1.0824,0.0087,3.2399999999999998
2000,0.006500000000000001,0.0057,0.0109,0.008400000000000001,0.0188
3000,0.014199999999999999,0.0112,0.01,0.016800000000000002,0.0166
4000,0.011899999999999999,0.009600000000000001,0.0124,0.0173,0.0199
